[
  {
    "postalCode": "78255",
    "city": "Aleksandrovac",
    "post": "Pošte Srpske"
  },
  {
    "postalCode": "89245",
    "city": "Avtovac",
    "post": "Pošte Srpske"
  },
  {
    "postalCode": "72286",
    "city": "Babanovac",
    "post": "BH Pošta"
  },
  {
    "postalCode": "75290",
    "city": "Banovići",
    "post": "BH Pošta"
  },
  {
    "postalCode": "78000",
    "city": "Banja Luka",
    "post": "Pošte Srpske"
  },
  {
    "postalCode": "78103",
    "city": "Banja Luka",
    "post": "Pošte Srpske"
  },
  {
    "postalCode": "78108",
    "city": "Banja Luka",
    "post": "Pošte Srpske"
  },
  {
    "postalCode": "78114",
    "city": "Banja Luka",
    "post": "Pošte Srpske"
  },
  {
    "postalCode": "70267",
    "city": "Baraći",
    "post": "Pošte Srpske"
  },
  {
    "postalCode": "76312",
    "city": "Batković",
    "post": "Pošte Srpske"
  },
  {
    "postalCode": "72233",
    "city": "Begov Han",
    "post": "BH Pošta"
  },
  {
    "postalCode": "88363",
    "city": "Berkovići",
    "post": "Pošte Srpske"
  },
  {
    "postalCode": "77000",
    "city": "Bihać",
    "post": "BH Pošta"
  },
  {
    "postalCode": "76204",
    "city": "Bijela",
    "post": "HP Mostar"
  },
  {
    "postalCode": "73263",
    "city": "Bijelo Brdo",
    "post": "Pošte Srpske"
  },
  {
    "postalCode": "76300",
    "city": "Bijeljina",
    "post": "Pošte Srpske"
  },
  {
    "postalCode": "76321",
    "city": "Suho Polje",
    "post": "Pošte Srpske"
  },
  {
    "postalCode": "72256",
    "city": "Bila",
    "post": "HP Mostar"
  },
  {
    "postalCode": "88268",
    "city": "Biletić Polje",
    "post": "HP Mostar"
  },
  {
    "postalCode": "71253",
    "city": "Bilalovac",
    "post": "BH Pošta"
  },
  {
    "postalCode": "89230",
    "city": "Bileća",
    "post": "Pošte Srpske"
  },
  {
    "postalCode": "72248",
    "city": "Bilješevo",
    "post": "BH Pošta"
  },
  {
    "postalCode": "88407",
    "city": "Bjelimići",
    "post": "BH Pošta"
  },
  {
    "postalCode": "88201",
    "city": "Blagaj",
    "post": "BH Pošta"
  },
  {
    "postalCode": "74275",
    "city": "Blatnica",
    "post": "Pošte Srpske"
  },
  {
    "postalCode": "88263",
    "city": "Blatnica",
    "post": "HP Mostar"
  },
  {
    "postalCode": "71215",
    "city": "Blažuj",
    "post": "BH Pošta"
  },
  {
    "postalCode": "76210",
    "city": "Boće",
    "post": "HP Mostar"
  },
  {
    "postalCode": "76277",
    "city": "Bok",
    "post": "HP Mostar"
  },
  {
    "postalCode": "74322",
    "city": "Boljanić",
    "post": "Pošte Srpske"
  },
  {
    "postalCode": "88405",
    "city": "Boračko Jezero",
    "post": "BH Pošta"
  },
  {
    "postalCode": "88365",
    "city": "Borojevići",
    "post": "HP Mostar"
  },
  {
    "postalCode": "73225",
    "city": "Borike",
    "post": "Pošte Srpske"
  },
  {
    "postalCode": "77240",
    "city": "Bosanska Krupa",
    "post": "BH Pošta"
  },
  {
    "postalCode": "77250",
    "city": "Bosanski Petrovac",
    "post": "BH Pošta"
  },
  {
    "postalCode": "80270",
    "city": "Bosansko Grahovo",
    "post": "HP Mostar"
  },
  {
    "postalCode": "75420",
    "city": "Bratunac",
    "post": "Pošte Srpske"
  },
  {
    "postalCode": "76100",
    "city": "Brčko",
    "post": "Pošte Srpske"
  },
  {
    "postalCode": "76120",
    "city": "Brčko",
    "post": "BH Pošta"
  },
  {
    "postalCode": "76101",
    "city": "Brčko",
    "post": "Pošte Srpske"
  },
  {
    "postalCode": "77205",
    "city": "Brekovica",
    "post": "BH Pošta"
  },
  {
    "postalCode": "74210",
    "city": "Brestovo",
    "post": "Pošte Srpske"
  },
  {
    "postalCode": "71255",
    "city": "Brestovsko",
    "post": "HP Mostar"
  },
  {
    "postalCode": "71370",
    "city": "Breza",
    "post": "BH Pošta"
  },
  {
    "postalCode": "79208",
    "city": "Brezičani",
    "post": "Pošte Srpske"
  },
  {
    "postalCode": "76216",
    "city": "Brezovo Polje",
    "post": "Pošte Srpske"
  },
  {
    "postalCode": "74206",
    "city": "Brijesnica",
    "post": "BH Pošta"
  },
  {
    "postalCode": "76206",
    "city": "Brka",
    "post": "BH Pošta"
  },
  {
    "postalCode": "72243",
    "city": "Brnjic",
    "post": "BH Pošta"
  },
  {
    "postalCode": "88243",
    "city": "Broćanac",
    "post": "HP Mostar"
  },
  {
    "postalCode": "73309",
    "city": "Brod",
    "post": "Pošte Srpske"
  },
  {
    "postalCode": "74450",
    "city": "Brod",
    "post": "Pošte Srpske"
  },
  {
    "postalCode": "76313",
    "city": "Brodac",
    "post": "Pošte Srpske"
  },
  {
    "postalCode": "78204",
    "city": "Bronzani Majdan",
    "post": "Pošte Srpske"
  },
  {
    "postalCode": "70230",
    "city": "Bugojno",
    "post": "BH Pošta"
  },
  {
    "postalCode": "75203",
    "city": "Bukinje",
    "post": "BH Pošta"
  },
  {
    "postalCode": "74277",
    "city": "Buletić",
    "post": "Pošte Srpske Pošta zatvorena"
  },
  {
    "postalCode": "72293",
    "city": "Bučići",
    "post": "HP Mostar"
  },
  {
    "postalCode": "88202",
    "city": "Buna",
    "post": "HP Mostar"
  },
  {
    "postalCode": "72260",
    "city": "Busovača",
    "post": "HP Mostar"
  },
  {
    "postalCode": "88366",
    "city": "Burmazi",
    "post": "HP Mostar"
  },
  {
    "postalCode": "88409",
    "city": "Buturović Polje",
    "post": "BH Pošta"
  },
  {
    "postalCode": "77245",
    "city": "Bužim",
    "post": "BH Pošta"
  },
  {
    "postalCode": "75405",
    "city": "Caparde",
    "post": "Pošte Srpske"
  },
  {
    "postalCode": "71347",
    "city": "Careva Ćuprija",
    "post": "BH Pošta"
  },
  {
    "postalCode": "77220",
    "city": "Cazin",
    "post": "BH Pošta"
  },
  {
    "postalCode": "76239",
    "city": "Crkvina",
    "post": "Pošte Srpske"
  },
  {
    "postalCode": "88367",
    "city": "Crnići",
    "post": "HP Mostar"
  },
  {
    "postalCode": "76328",
    "city": "Crnjelovo",
    "post": "Pošte Srpske"
  },
  {
    "postalCode": "73280",
    "city": "Čajniče",
    "post": "Pošte Srpske"
  },
  {
    "postalCode": "88300",
    "city": "Čapljina",
    "post": "HP Mostar"
  },
  {
    "postalCode": "88302",
    "city": "Čapljina-Euroherc",
    "post": "HP Mostar"
  },
  {
    "postalCode": "72224",
    "city": "Čardak",
    "post": "BH Pošta"
  },
  {
    "postalCode": "72246",
    "city": "Čatići",
    "post": "BH Pošta"
  },
  {
    "postalCode": "74274",
    "city": "Čečava",
    "post": "Pošte Srpske"
  },
  {
    "postalCode": "73307",
    "city": "Čelebići",
    "post": "Pošte Srpske"
  },
  {
    "postalCode": "88404",
    "city": "Čelebići",
    "post": "BH Pošta"
  },
  {
    "postalCode": "75246",
    "city": "Čelić",
    "post": "BH Pošta"
  },
  {
    "postalCode": "78240",
    "city": "Čelinac",
    "post": "Pošte Srpske"
  },
  {
    "postalCode": "88265",
    "city": "Čerin",
    "post": "HP Mostar"
  },
  {
    "postalCode": "88260",
    "city": "Čitluk",
    "post": "HP Mostar"
  },
  {
    "postalCode": "88261",
    "city": "Čitluk-Euroherc",
    "post": "HP Mostar"
  },
  {
    "postalCode": "77226",
    "city": "Ćoralići",
    "post": "BH Pošta"
  },
  {
    "postalCode": "78427",
    "city": "Ćukali",
    "post": "Pošte Srpske"
  },
  {
    "postalCode": "71223",
    "city": "Delijaš",
    "post": "BH Pošta"
  },
  {
    "postalCode": "79243",
    "city": "Demirovac",
    "post": "Pošte Srpske"
  },
  {
    "postalCode": "74400",
    "city": "Derventa",
    "post": "Pošte Srpske"
  },
  {
    "postalCode": "75444",
    "city": "Derventa",
    "post": "Pošte Srpske"
  },
  {
    "postalCode": "70204",
    "city": "Divičani",
    "post": "HP Mostar"
  },
  {
    "postalCode": "89233",
    "city": "Divin",
    "post": "Pošte Srpske"
  },
  {
    "postalCode": "74101",
    "city": "Doboj",
    "post": "Pošte Srpske"
  },
  {
    "postalCode": "75328",
    "city": "Doborovci",
    "post": "BH Pošta"
  },
  {
    "postalCode": "70210",
    "city": "Dobretići",
    "post": "HP Mostar"
  },
  {
    "postalCode": "79223",
    "city": "Dobrljin",
    "post": "Pošte Srpske"
  },
  {
    "postalCode": "73247",
    "city": "Dobrun",
    "post": "Pošte Srpske"
  },
  {
    "postalCode": "72278",
    "city": "Dolac na Lašvi",
    "post": "BH Pošta"
  },
  {
    "postalCode": "88446",
    "city": "Doljani",
    "post": "HP Mostar"
  },
  {
    "postalCode": "76233",
    "city": "Domaljevac",
    "post": "HP Mostar"
  },
  {
    "postalCode": "76231",
    "city": "Domaljevac-Granični",
    "post": "HP Mostar"
  },
  {
    "postalCode": "88305",
    "city": "Domanovići",
    "post": "HP Mostar"
  },
  {
    "postalCode": "76274",
    "city": "Donja Mahala",
    "post": "HP Mostar"
  },
  {
    "postalCode": "76257",
    "city": "Donja Međiđa",
    "post": "BH Pošta"
  },
  {
    "postalCode": "76237",
    "city": "Donja Slatina",
    "post": "Pošte Srpske"
  },
  {
    "postalCode": "71305",
    "city": "Donje Moštre",
    "post": "BH Pošta"
  },
  {
    "postalCode": "79228",
    "city": "Donji Agići",
    "post": "Pošte Srpske"
  },
  {
    "postalCode": "79266",
    "city": "Donji Kamengrad",
    "post": "BH Pošta"
  },
  {
    "postalCode": "88343",
    "city": "Donji Mamići",
    "post": "HP Mostar"
  },
  {
    "postalCode": "76297",
    "city": "Donji Svilaj",
    "post": "HP Mostar"
  },
  {
    "postalCode": "70220",
    "city": "Donji Vakuf",
    "post": "BH Pošta"
  },
  {
    "postalCode": "78432",
    "city": "Donji Vijačani",
    "post": "Pošte Srpske"
  },
  {
    "postalCode": "79289",
    "city": "Donji Vrbljani",
    "post": "Pošte Srpske"
  },
  {
    "postalCode": "76273",
    "city": "Donji Žabar",
    "post": "Pošte Srpske"
  },
  {
    "postalCode": "74209",
    "city": "Dragalovci",
    "post": "Pošte Srpske"
  },
  {
    "postalCode": "76323",
    "city": "Dragaljevac",
    "post": "Pošte Srpske"
  },
  {
    "postalCode": "78215",
    "city": "Dragočaj",
    "post": "Pošte Srpske"
  },
  {
    "postalCode": "88215",
    "city": "Drežnica",
    "post": "BH Pošta"
  },
  {
    "postalCode": "79290",
    "city": "Drinić",
    "post": "Pošte Srpske"
  },
  {
    "postalCode": "88344",
    "city": "Drinovci",
    "post": "HP Mostar"
  },
  {
    "postalCode": "75410",
    "city": "Drinjača (Zvornik)",
    "post": "Pošte Srpske"
  },
  {
    "postalCode": "80260",
    "city": "Drvar",
    "post": "HP Mostar"
  },
  {
    "postalCode": "70237",
    "city": "Drvetine",
    "post": "BH Pošta"
  },
  {
    "postalCode": "75358",
    "city": "Duboki Potok",
    "post": "BH Pošta"
  },
  {
    "postalCode": "75308",
    "city": "Duboštica",
    "post": "BH Pošta"
  },
  {
    "postalCode": "79227",
    "city": "Dubovik",
    "post": "Pošte Srpske"
  },
  {
    "postalCode": "78411",
    "city": "Dubrave",
    "post": "Pošte Srpske"
  },
  {
    "postalCode": "75274",
    "city": "Dubrave Donje",
    "post": "BH Pošta"
  },
  {
    "postalCode": "75273",
    "city": "Dubrave Gornje",
    "post": "BH Pošta"
  },
  {
    "postalCode": "74483",
    "city": "Dugo Polje",
    "post": "Pošte Srpske"
  },
  {
    "postalCode": "88342",
    "city": "Dužice",
    "post": "HP Mostar"
  },
  {
    "postalCode": "76311",
    "city": "Dvorovi",
    "post": "Pošte Srpske"
  },
  {
    "postalCode": "75272",
    "city": "Đurđevik",
    "post": "BH Pošta"
  },
  {
    "postalCode": "79264",
    "city": "Fajtovci",
    "post": "BH Pošta"
  },
  {
    "postalCode": "75423",
    "city": "Fakovići",
    "post": "Pošte Srpske"
  },
  {
    "postalCode": "73302",
    "city": "Foča",
    "post": "Pošte Srpske"
  },
  {
    "postalCode": "71270",
    "city": "Fojnica",
    "post": "BH Pošta"
  },
  {
    "postalCode": "89247",
    "city": "Fojnica",
    "post": "Pošte Srpske"
  },
  {
    "postalCode": "88306",
    "city": "Gabela",
    "post": "HP Mostar"
  },
  {
    "postalCode": "89240",
    "city": "Gacko",
    "post": "Pošte Srpske"
  },
  {
    "postalCode": "74484",
    "city": "Garevac",
    "post": "Pošte Srpske"
  },
  {
    "postalCode": "80230",
    "city": "Glamoč",
    "post": "HP Mostar"
  },
  {
    "postalCode": "88406",
    "city": "Glavatičevo",
    "post": "BH Pošta"
  },
  {
    "postalCode": "76318",
    "city": "Glavičice",
    "post": "Pošte Srpske"
  },
  {
    "postalCode": "74258",
    "city": "Globarica",
    "post": "HP Mostar"
  },
  {
    "postalCode": "88422",
    "city": "Glogošnica",
    "post": "BH Pošta"
  },
  {
    "postalCode": "88392",
    "city": "Gradac",
    "post": "HP Mostar"
  },
  {
    "postalCode": "71275",
    "city": "Gojevići",
    "post": "HP Mostar"
  },
  {
    "postalCode": "78203",
    "city": "Goleši",
    "post": "Pošte Srpske"
  },
  {
    "postalCode": "73101",
    "city": "Goražde",
    "post": "BH Pošta"
  },
  {
    "postalCode": "76296",
    "city": "Gornja Dubica",
    "post": "HP Mostar"
  },
  {
    "postalCode": "77222",
    "city": "Gornja Koprivna",
    "post": "BH Pošta"
  },
  {
    "postalCode": "76238",
    "city": "Gornja Slatina",
    "post": "Pošte Srpske"
  },
  {
    "postalCode": "75208",
    "city": "Gornja Tuzla",
    "post": "BH Pošta"
  },
  {
    "postalCode": "78405",
    "city": "Gornji Podgradci",
    "post": "Pošte Srpske"
  },
  {
    "postalCode": "76207",
    "city": "Gornji Rahić",
    "post": "BH Pošta"
  },
  {
    "postalCode": "79288",
    "city": "Gornji Ribnik",
    "post": "Pošte Srpske"
  },
  {
    "postalCode": "78438",
    "city": "Gornji Smrtići",
    "post": "Pošte Srpske"
  },
  {
    "postalCode": "78439",
    "city": "Gornji Štrpci",
    "post": "Pošte Srpske"
  },
  {
    "postalCode": "74272",
    "city": "Gornji Teslić",
    "post": "Pošte Srpske"
  },
  {
    "postalCode": "70240",
    "city": "Gornji Vakuf",
    "post": "BH Pošta"
  },
  {
    "postalCode": "89201",
    "city": "Grab",
    "post": "Pošte Srpske"
  },
  {
    "postalCode": "74219",
    "city": "Grabovica (RS 74219)",
    "post": "Pošte Srpske"
  },
  {
    "postalCode": "78227",
    "city": "Grabovica (RS 78227)",
    "post": "Pošte Srpske"
  },
  {
    "postalCode": "88443",
    "city": "Gračac",
    "post": "HP Mostar"
  },
  {
    "postalCode": "75320",
    "city": "Gračanica",
    "post": "BH Pošta"
  },
  {
    "postalCode": "70233",
    "city": "Gračanica kod Bugojna",
    "post": "BH Pošta"
  },
  {
    "postalCode": "75276",
    "city": "Gračanica (Živinice)",
    "post": "BH Pošta"
  },
  {
    "postalCode": "76250",
    "city": "Gradačac",
    "post": "BH Pošta"
  },
  {
    "postalCode": "78400",
    "city": "Gradiška",
    "post": "Pošte Srpske"
  },
  {
    "postalCode": "76234",
    "city": "Grebnice",
    "post": "HP Mostar"
  },
  {
    "postalCode": "88340",
    "city": "Grude",
    "post": "HP Mostar"
  },
  {
    "postalCode": "88341",
    "city": "Grude-MUP",
    "post": "HP Mostar"
  },
  {
    "postalCode": "80205",
    "city": "Guber",
    "post": "HP Mostar"
  },
  {
    "postalCode": "72277",
    "city": "Guča Gora",
    "post": "BH Pošta"
  },
  {
    "postalCode": "75404",
    "city": "Gušteri",
    "post": "Pošte Srpske"
  },
  {
    "postalCode": "71240",
    "city": "Hadžići",
    "post": "BH Pošta"
  },
  {
    "postalCode": "72225",
    "city": "Hajderovići",
    "post": "BH Pošta"
  },
  {
    "postalCode": "72245",
    "city": "Haljinići",
    "post": "BH Pošta"
  },
  {
    "postalCode": "72281",
    "city": "Han Bila",
    "post": "BH Pošta"
  },
  {
    "postalCode": "71360",
    "city": "Han Pijesak",
    "post": "Pošte Srpske"
  },
  {
    "postalCode": "88368",
    "city": "Hodovo",
    "post": "HP Mostar- Pošta privremeno zatvorena"
  },
  {
    "postalCode": "88395",
    "city": "Hrasno",
    "post": "HP Mostar- Pošta privremeno zatvorena"
  },
  {
    "postalCode": "71144",
    "city": "Hreša",
    "post": "Pošte Srpske"
  },
  {
    "postalCode": "78436",
    "city": "Hrvaćani",
    "post": "Pošte Srpske"
  },
  {
    "postalCode": "75216",
    "city": "Husino",
    "post": "BH Pošta"
  },
  {
    "postalCode": "88394",
    "city": "Hutovo",
    "post": "HP Mostar,"
  },
  {
    "postalCode": "71210",
    "city": "Ilidža",
    "post": "BH Pošta"
  },
  {
    "postalCode": "71380",
    "city": "Ilijaš",
    "post": "BH Pošta"
  },
  {
    "postalCode": "73208",
    "city": "Ilovača",
    "post": "BH Pošta"
  },
  {
    "postalCode": "78234",
    "city": "Imljani",
    "post": "Pošte Srpske"
  },
  {
    "postalCode": "71123",
    "city": "Istočno Sarajevo",
    "post": "Pošte Srpske"
  },
  {
    "postalCode": "77208",
    "city": "Izačić",
    "post": "BH Pošta"
  },
  {
    "postalCode": "88420",
    "city": "Jablanica",
    "post": "BH Pošta"
  },
  {
    "postalCode": "70101",
    "city": "Jajce",
    "post": "HP Mostar,"
  },
  {
    "postalCode": "76316",
    "city": "Janja",
    "post": "Pošte Srpske"
  },
  {
    "postalCode": "72215",
    "city": "Janjići",
    "post": "BH Pošta"
  },
  {
    "postalCode": "88224",
    "city": "Jare",
    "post": "HP Mostar,"
  },
  {
    "postalCode": "78233",
    "city": "Javorani",
    "post": "Pošte Srpske"
  },
  {
    "postalCode": "74264",
    "city": "Jelah",
    "post": "BH Pošta"
  },
  {
    "postalCode": "70206",
    "city": "Jezero",
    "post": "Pošte Srpske"
  },
  {
    "postalCode": "77241",
    "city": "Jezerski",
    "post": "BH Pošta"
  },
  {
    "postalCode": "79244",
    "city": "Johova",
    "post": "Pošte Srpske"
  },
  {
    "postalCode": "78244",
    "city": "Jošavka",
    "post": "Pošte Srpske"
  },
  {
    "postalCode": "72264",
    "city": "Kaćuni",
    "post": "BH Pošta"
  },
  {
    "postalCode": "72240",
    "city": "Kakanj",
    "post": "BH Pošta"
  },
  {
    "postalCode": "74413",
    "city": "Kalenderovci",
    "post": "Pošte Srpske"
  },
  {
    "postalCode": "75260",
    "city": "Kalesija",
    "post": "BH Pošta"
  },
  {
    "postalCode": "71230",
    "city": "Kalinovik",
    "post": "Pošte Srpske"
  },
  {
    "postalCode": "71355",
    "city": "Kaljina",
    "post": "Pošte Srpske"
  },
  {
    "postalCode": "77204",
    "city": "Kamenica",
    "post": "BH Pošta"
  },
  {
    "postalCode": "72265",
    "city": "Kaonik",
    "post": "BH Pošta"
  },
  {
    "postalCode": "70235",
    "city": "Karadže",
    "post": "BH Pošta"
  },
  {
    "postalCode": "72284",
    "city": "Karaula",
    "post": "BH Pošta"
  },
  {
    "postalCode": "71213",
    "city": "Kasindo",
    "post": "Pošte Srpske"
  },
  {
    "postalCode": "80246",
    "city": "Kazaginac",
    "post": "HP Mostar"
  },
  {
    "postalCode": "88283",
    "city": "Kifino Selo",
    "post": "Pošte Srpske"
  },
  {
    "postalCode": "71250",
    "city": "Kiseljak",
    "post": "HP Mostar,"
  },
  {
    "postalCode": "75211",
    "city": "Kiseljak kod Tuzle",
    "post": "BH Pošta"
  },
  {
    "postalCode": "75280",
    "city": "Kladanj",
    "post": "BH Pošta"
  },
  {
    "postalCode": "88324",
    "city": "Klobuk (Ljubuški)",
    "post": "HP Mostar,"
  },
  {
    "postalCode": "74207",
    "city": "Klokotnica",
    "post": "BH Pošta"
  },
  {
    "postalCode": "79280",
    "city": "Ključ",
    "post": "BH Pošta"
  },
  {
    "postalCode": "78230",
    "city": "Kneževo",
    "post": "Pošte Srpske"
  },
  {
    "postalCode": "79246",
    "city": "Knežica",
    "post": "Pošte Srpske"
  },
  {
    "postalCode": "71356",
    "city": "Knežina",
    "post": "Pošte Srpske"
  },
  {
    "postalCode": "78423",
    "city": "Kobaš",
    "post": "Pošte Srpske"
  },
  {
    "postalCode": "88226",
    "city": "Kočerin",
    "post": "HP Mostar,"
  },
  {
    "postalCode": "80244",
    "city": "Kongora",
    "post": "HP Mostar"
  },
  {
    "postalCode": "76276",
    "city": "Kostrč",
    "post": "HP Mostar"
  },
  {
    "postalCode": "78207",
    "city": "Kola",
    "post": "Pošte Srpske"
  },
  {
    "postalCode": "88400",
    "city": "Konjic",
    "post": "BH Pošta"
  },
  {
    "postalCode": "77249",
    "city": "Konjodor",
    "post": "BH Pošta"
  },
  {
    "postalCode": "74489",
    "city": "Koprivna",
    "post": "Pošte Srpske"
  },
  {
    "postalCode": "75247",
    "city": "Koraj",
    "post": "Pošte Srpske"
  },
  {
    "postalCode": "76236",
    "city": "Kornica",
    "post": "Pošte Srpske"
  },
  {
    "postalCode": "74253",
    "city": "Kosova",
    "post": "BH Pošta"
  },
  {
    "postalCode": "74222",
    "city": "Kostajnica (Doboj)",
    "post": "Pošte Srpske"
  },
  {
    "postalCode": "79224",
    "city": "Kostajnica",
    "post": "Pošte Srpske"
  },
  {
    "postalCode": "78220",
    "city": "Kotor Varoš",
    "post": "Pošte Srpske"
  },
  {
    "postalCode": "74215",
    "city": "Kotorsko",
    "post": "Pošte Srpske"
  },
  {
    "postalCode": "72226",
    "city": "Kovači (Zavidovići)",
    "post": "BH Pošta"
  },
  {
    "postalCode": "79202",
    "city": "Kozarac",
    "post": "Pošte Srpske"
  },
  {
    "postalCode": "79240",
    "city": "Kozarska Dubica",
    "post": "Pošte Srpske"
  },
  {
    "postalCode": "75413",
    "city": "Kozluk",
    "post": "Pošte Srpske"
  },
  {
    "postalCode": "72244",
    "city": "Kraljeva Sutjeska",
    "post": "BH Pošta"
  },
  {
    "postalCode": "79284",
    "city": "Krasulje",
    "post": "BH Pošta"
  },
  {
    "postalCode": "76212",
    "city": "Krepšić",
    "post": "Pošte Srpske"
  },
  {
    "postalCode": "71260",
    "city": "Kreševo",
    "post": "HP Mostar"
  },
  {
    "postalCode": "78256",
    "city": "Kriškovci",
    "post": "Pošte Srpske"
  },
  {
    "postalCode": "77253",
    "city": "Krnjeuša",
    "post": "BH Pošta"
  },
  {
    "postalCode": "78206",
    "city": "Krupa na Vrbasu",
    "post": "Pošte Srpske"
  },
  {
    "postalCode": "88203",
    "city": "Kruševo",
    "post": "HP Mostar"
  },
  {
    "postalCode": "78424",
    "city": "Kukulje",
    "post": "Pošte Srpske"
  },
  {
    "postalCode": "78443",
    "city": "Kulaši",
    "post": "Pošte Srpske"
  },
  {
    "postalCode": "77206",
    "city": "Kulen Vakuf",
    "post": "BH Pošta"
  },
  {
    "postalCode": "78212",
    "city": "Kuljani",
    "post": "Pošte Srpske"
  },
  {
    "postalCode": "80320",
    "city": "Kupres",
    "post": "HP Mostar"
  },
  {
    "postalCode": "78250",
    "city": "Laktaši",
    "post": "Pošte Srpske"
  },
  {
    "postalCode": "78407",
    "city": "Laminci Sređani",
    "post": "Pošte Srpske"
  },
  {
    "postalCode": "79204",
    "city": "Lamovita",
    "post": "Pošte Srpske"
  },
  {
    "postalCode": "89208",
    "city": "Lastva",
    "post": "Pošte Srpske"
  },
  {
    "postalCode": "71254",
    "city": "Lepenica",
    "post": "HP Mostar"
  },
  {
    "postalCode": "75213",
    "city": "Lipnica",
    "post": "BH Pošta"
  },
  {
    "postalCode": "80101",
    "city": "Livno",
    "post": "HP Mostar"
  },
  {
    "postalCode": "80204",
    "city": "Lištani",
    "post": "HP Mostar"
  },
  {
    "postalCode": "76278",
    "city": "Lončari",
    "post": "Pošte Srpske"
  },
  {
    "postalCode": "75240",
    "city": "Lopare",
    "post": "Pošte Srpske"
  },
  {
    "postalCode": "75300",
    "city": "Lukavac",
    "post": "BH Pošta"
  },
  {
    "postalCode": "75327",
    "city": "Lukavica",
    "post": "BH Pošta"
  },
  {
    "postalCode": "80203",
    "city": "Lusnić",
    "post": "HP Mostar"
  },
  {
    "postalCode": "79267",
    "city": "Lušci Palanka",
    "post": "BH Pošta"
  },
  {
    "postalCode": "75214",
    "city": "Ljubače",
    "post": "BH Pošta"
  },
  {
    "postalCode": "79206",
    "city": "Ljubija",
    "post": "Pošte Srpske"
  },
  {
    "postalCode": "88380",
    "city": "Ljubinje",
    "post": "Pošte Srpske"
  },
  {
    "postalCode": "89209",
    "city": "Ljubomir",
    "post": "Pošte Srpske"
  },
  {
    "postalCode": "88320",
    "city": "Ljubuški",
    "post": "HP Mostar"
  },
  {
    "postalCode": "88321",
    "city": "Ljubuški-Euroherc",
    "post": "HP Mostar"
  },
  {
    "postalCode": "88322",
    "city": "Ljubuški-Općina",
    "post": "HP Mostar"
  },
  {
    "postalCode": "88223",
    "city": "Ljuti Dolac",
    "post": "HP Mostar"
  },
  {
    "postalCode": "74250",
    "city": "Maglaj",
    "post": "BH Pošta"
  },
  {
    "postalCode": "74216",
    "city": "Majevac",
    "post": "Pošte Srpske"
  },
  {
    "postalCode": "77235",
    "city": "Mala Kladuša",
    "post": "BH Pošta"
  },
  {
    "postalCode": "74418",
    "city": "Mala Sočanica",
    "post": "Pošte Srpske"
  },
  {
    "postalCode": "75326",
    "city": "Malešići",
    "post": "BH Pošta"
  },
  {
    "postalCode": "76208",
    "city": "Maoča",
    "post": "BH Pošta"
  },
  {
    "postalCode": "78223",
    "city": "Maslovare",
    "post": "Pošte Srpske"
  },
  {
    "postalCode": "78410",
    "city": "Mašići",
    "post": "Pošte Srpske"
  },
  {
    "postalCode": "76271",
    "city": "Matići",
    "post": "HP Mostar"
  },
  {
    "postalCode": "74203",
    "city": "Matuzići",
    "post": "BH Pošta"
  },
  {
    "postalCode": "88266",
    "city": "Međugorje",
    "post": "HP Mostar"
  },
  {
    "postalCode": "88267",
    "city": "Međugorje",
    "post": "HP Mostar"
  },
  {
    "postalCode": "88264",
    "city": "Međugorje-kiosk",
    "post": "HP Mostar"
  },
  {
    "postalCode": "79247",
    "city": "Međuvođe",
    "post": "Pošte Srpske"
  },
  {
    "postalCode": "72282",
    "city": "Mehurići",
    "post": "BH Pošta"
  },
  {
    "postalCode": "80243",
    "city": "Mesihovina",
    "post": "HP Mostar"
  },
  {
    "postalCode": "75446",
    "city": "Milići",
    "post": "Pošte Srpske"
  },
  {
    "postalCode": "74485",
    "city": "Miloševac",
    "post": "Pošte Srpske"
  },
  {
    "postalCode": "73283",
    "city": "Miljeno",
    "post": "Pošte Srpske"
  },
  {
    "postalCode": "73313",
    "city": "Miljevina",
    "post": "Pošte Srpske"
  },
  {
    "postalCode": "75329",
    "city": "Miričina",
    "post": "BH Pošta"
  },
  {
    "postalCode": "74480",
    "city": "Modriča",
    "post": "Pošte Srpske"
  },
  {
    "postalCode": "71428",
    "city": "Mokro",
    "post": "Pošte Srpske"
  },
  {
    "postalCode": "89204",
    "city": "Mosko",
    "post": "Pošte Srpske"
  },
  {
    "postalCode": "88000",
    "city": "Mostar",
    "post": "HP Mostar"
  },
  {
    "postalCode": "88101",
    "city": "Mostar",
    "post": "HP Mostar"
  },
  {
    "postalCode": "88103",
    "city": "Mostar",
    "post": "BH Pošta"
  },
  {
    "postalCode": "88104",
    "city": "Mostar-Mehanizacija",
    "post": "BH Pošta"
  },
  {
    "postalCode": "88105",
    "city": "Mostar-Avenija",
    "post": "HP Mostar"
  },
  {
    "postalCode": "88107",
    "city": "Mostar-Balinovac",
    "post": "HP Mostar"
  },
  {
    "postalCode": "88108",
    "city": "Mostar-Cernica",
    "post": "BH Pošta"
  },
  {
    "postalCode": "88109",
    "city": "Mostar-Cim",
    "post": "HP Mostar"
  },
  {
    "postalCode": "88110",
    "city": "Mostar",
    "post": "BH Pošta"
  },
  {
    "postalCode": "88122",
    "city": "Mostar-Euroherc",
    "post": "HP Mostar"
  },
  {
    "postalCode": "88005",
    "city": "Mostar-Glavni telegraf",
    "post": "HP Mostar"
  },
  {
    "postalCode": "88106",
    "city": "Mostar-Rodoč",
    "post": "HP Mostar"
  },
  {
    "postalCode": "88121",
    "city": "Mostar-MUP",
    "post": "HP Mostar"
  },
  {
    "postalCode": "75212",
    "city": "Mramor",
    "post": "BH Pošta"
  },
  {
    "postalCode": "73206",
    "city": "Mravinjac",
    "post": "BH Pošta"
  },
  {
    "postalCode": "70260",
    "city": "Mrkonjić Grad",
    "post": "Pošte Srpske"
  },
  {
    "postalCode": "78434",
    "city": "Naseobina Lišnja",
    "post": "Pošte Srpske"
  },
  {
    "postalCode": "72212",
    "city": "Nemila",
    "post": "BH Pošta"
  },
  {
    "postalCode": "88390",
    "city": "Neum",
    "post": "HP Mostar"
  },
  {
    "postalCode": "88280",
    "city": "Nevesinje",
    "post": "Pošte Srpske"
  },
  {
    "postalCode": "71383",
    "city": "Nišići",
    "post": "BH Pošta"
  },
  {
    "postalCode": "72276",
    "city": "Nova Bila",
    "post": "HP Mostar"
  },
  {
    "postalCode": "75445",
    "city": "Nova Kasaba",
    "post": "Pošte Srpske"
  },
  {
    "postalCode": "78418",
    "city": "Nova Topola",
    "post": "Pošte Srpske"
  },
  {
    "postalCode": "79220",
    "city": "Novi Grad (Bosanski Novi)",
    "post": "Pošte Srpske"
  },
  {
    "postalCode": "74254",
    "city": "Novi Šeher",
    "post": "BH Pošta / HP Mostar"
  },
  {
    "postalCode": "72290",
    "city": "Novi Travnik",
    "post": "BH Pošta / HP Mostar"
  },
  {
    "postalCode": "73110",
    "city": "Novo Goražde",
    "post": "Pošte Srpske"
  },
  {
    "postalCode": "78428",
    "city": "Nožičko",
    "post": "Pošte Srpske"
  },
  {
    "postalCode": "70225",
    "city": "Oborci",
    "post": "BH Pošta"
  },
  {
    "postalCode": "76235",
    "city": "Obudovac",
    "post": "Pošte Srpske"
  },
  {
    "postalCode": "76290",
    "city": "Odžak",
    "post": "HP Mostar"
  },
  {
    "postalCode": "88285",
    "city": "Odžak",
    "post": "Pošte Srpske"
  },
  {
    "postalCode": "71340",
    "city": "Olovo",
    "post": "BH Pošta"
  },
  {
    "postalCode": "79203",
    "city": "Omarska",
    "post": "Pošte Srpske"
  },
  {
    "postalCode": "79293",
    "city": "Opara",
    "post": "BH Pošta"
  },
  {
    "postalCode": "78406",
    "city": "Orahova",
    "post": "Pošte Srpske"
  },
  {
    "postalCode": "75323",
    "city": "Orahovica Donja",
    "post": "BH Pošta"
  },
  {
    "postalCode": "76270",
    "city": "Orašje",
    "post": "HP Mostar"
  },
  {
    "postalCode": "76281",
    "city": "Orašje-Granični",
    "post": "HP Mostar"
  },
  {
    "postalCode": "80206",
    "city": "Orguz",
    "post": "HP Mostar"
  },
  {
    "postalCode": "74412",
    "city": "Osinja",
    "post": "Pošte Srpske"
  },
  {
    "postalCode": "74225",
    "city": "Osječani",
    "post": "Pošte Srpske"
  },
  {
    "postalCode": "75406",
    "city": "Osmaci",
    "post": "Pošte Srpske"
  },
  {
    "postalCode": "88423",
    "city": "Ostrožac",
    "post": "BH Pošta"
  },
  {
    "postalCode": "77228",
    "city": "Ostrožac",
    "post": "BH Pošta"
  },
  {
    "postalCode": "76279",
    "city": "Oštra Luka",
    "post": "HP Mostar"
  },
  {
    "postalCode": "79263",
    "city": "Oštra Luka",
    "post": "Pošte Srpske"
  },
  {
    "postalCode": "77244",
    "city": "Otoka",
    "post": "BH Pošta"
  },
  {
    "postalCode": "72238",
    "city": "Ozimica",
    "post": "HP Mostar"
  },
  {
    "postalCode": "70243",
    "city": "Pajić Polje",
    "post": "BH Pošta"
  },
  {
    "postalCode": "74255",
    "city": "Paklenica",
    "post": "Pošte Srpske"
  },
  {
    "postalCode": "71420",
    "city": "Pale",
    "post": "Pošte Srpske"
  },
  {
    "postalCode": "75453",
    "city": "Papraća",
    "post": "Pošte Srpske"
  },
  {
    "postalCode": "76315",
    "city": "Patkovača",
    "post": "Pošte Srpske"
  },
  {
    "postalCode": "71243",
    "city": "Pazarić",
    "post": "BH Pošta"
  },
  {
    "postalCode": "77227",
    "city": "Pećigrad",
    "post": "BH Pošta"
  },
  {
    "postalCode": "76256",
    "city": "Pelagićevo",
    "post": "Pošte Srpske"
  },
  {
    "postalCode": "74317",
    "city": "Petrovo",
    "post": "Pošte Srpske"
  },
  {
    "postalCode": "75412",
    "city": "Pilica",
    "post": "Pošte Srpske"
  },
  {
    "postalCode": "75248",
    "city": "Piperi",
    "post": "Pošte Srpske"
  },
  {
    "postalCode": "78217",
    "city": "Piskavica",
    "post": "Pošte Srpske"
  },
  {
    "postalCode": "70275",
    "city": "Pljeva",
    "post": "Pošte Srpske"
  },
  {
    "postalCode": "72252",
    "city": "Počulica",
    "post": "BH Pošta"
  },
  {
    "postalCode": "71425",
    "city": "Podgrab",
    "post": "Pošte Srpske"
  },
  {
    "postalCode": "80209",
    "city": "Podhum",
    "post": "HP Mostar"
  },
  {
    "postalCode": "71387",
    "city": "Podlugovi",
    "post": "BH Pošta"
  },
  {
    "postalCode": "74217",
    "city": "Podnovlje",
    "post": "Pošte Srpske"
  },
  {
    "postalCode": "88403",
    "city": "Podorašac",
    "post": "BH Pošta"
  },
  {
    "postalCode": "75355",
    "city": "Podorašje",
    "post": "BH Pošta"
  },
  {
    "postalCode": "70266",
    "city": "Podrašnica",
    "post": "Pošte Srpske"
  },
  {
    "postalCode": "88206",
    "city": "Podvelež",
    "post": "BH Pošta"
  },
  {
    "postalCode": "77232",
    "city": "Podzvizd",
    "post": "BH Pošta"
  },
  {
    "postalCode": "77209",
    "city": "Pokoj",
    "post": "BH Pošta"
  },
  {
    "postalCode": "75303",
    "city": "Poljice",
    "post": "BH Pošta"
  },
  {
    "postalCode": "88240",
    "city": "Posušje",
    "post": "HP Mostar"
  },
  {
    "postalCode": "88241",
    "city": "Posušje-Inđilović",
    "post": "HP Mostar"
  },
  {
    "postalCode": "88242",
    "city": "Posušje-Lager",
    "post": "HP Mostar"
  },
  {
    "postalCode": "88240",
    "city": "Posušje-Općina",
    "post": "HP Mostar"
  },
  {
    "postalCode": "78216",
    "city": "Potkozarje",
    "post": "Pošte Srpske"
  },
  {
    "postalCode": "88208",
    "city": "Potoci",
    "post": "BH Pošta"
  },
  {
    "postalCode": "78435",
    "city": "Potočani",
    "post": "Doboj, Pošte Srpske"
  },
  {
    "postalCode": "76298",
    "city": "Potočani",
    "post": "Odžak, Mostar (pošta privremeno zatvorena)"
  },
  {
    "postalCode": "75433",
    "city": "Potočari",
    "post": "Pošte Srpske"
  },
  {
    "postalCode": "73290",
    "city": "Prača",
    "post": "BH Pošta"
  },
  {
    "postalCode": "73245",
    "city": "Prelovo",
    "post": "Pošte Srpske"
  },
  {
    "postalCode": "79287",
    "city": "Previja",
    "post": "Pošte Srpske"
  },
  {
    "postalCode": "74276",
    "city": "Pribinić",
    "post": "Pošte Srpske"
  },
  {
    "postalCode": "75249",
    "city": "Priboj",
    "post": "Pošte Srpske"
  },
  {
    "postalCode": "79102",
    "city": "Prijedor",
    "post": "Pošte Srpske"
  },
  {
    "postalCode": "80202",
    "city": "Priluka",
    "post": "HP Mostar- Pošta privremeno zatvorena"
  },
  {
    "postalCode": "80245",
    "city": "Prisoje",
    "post": "HP Mostar"
  },
  {
    "postalCode": "78430",
    "city": "Prnjavor",
    "post": "Pošte Srpske"
  },
  {
    "postalCode": "74214",
    "city": "Prnjavor Mali",
    "post": "Pošte Srpske"
  },
  {
    "postalCode": "88327",
    "city": "Prolog",
    "post": "HP Mostar"
  },
  {
    "postalCode": "88440",
    "city": "Prozor",
    "post": "HP Mostar"
  },
  {
    "postalCode": "76292",
    "city": "Prud",
    "post": "HP Mostar"
  },
  {
    "postalCode": "70223",
    "city": "Prusac",
    "post": "BH Pošta"
  },
  {
    "postalCode": "71335",
    "city": "Pržići",
    "post": "HP Mostar"
  },
  {
    "postalCode": "72207",
    "city": "Puhovac",
    "post": "BH Pošta"
  },
  {
    "postalCode": "75305",
    "city": "Puračić",
    "post": "BH Pošta"
  },
  {
    "postalCode": "88325",
    "city": "Radišići",
    "post": "HP Mostar"
  },
  {
    "postalCode": "75268",
    "city": "Rainci Gornji",
    "post": "BH Pošta"
  },
  {
    "postalCode": "88245",
    "city": "Rakitno",
    "post": "HP Mostar"
  },
  {
    "postalCode": "71217",
    "city": "Rakovica",
    "post": "BH Pošta"
  },
  {
    "postalCode": "88370",
    "city": "Ravno",
    "post": "HP Mostar"
  },
  {
    "postalCode": "76218",
    "city": "Ražljevo",
    "post": "Pošte Srpske"
  },
  {
    "postalCode": "79283",
    "city": "Ribnik",
    "post": "Pošte Srpske"
  },
  {
    "postalCode": "77215",
    "city": "Ripač",
    "post": "BH Pošta"
  },
  {
    "postalCode": "73220",
    "city": "Rogatica",
    "post": "Pošte Srpske"
  },
  {
    "postalCode": "80247",
    "city": "Roško Polje",
    "post": "HP Mostar"
  },
  {
    "postalCode": "79226",
    "city": "Rudice",
    "post": "Pošte Srpske"
  },
  {
    "postalCode": "73260",
    "city": "Rudo",
    "post": "Pošte Srpske"
  },
  {
    "postalCode": "88347",
    "city": "Ružići",
    "post": "HP Mostar"
  },
  {
    "postalCode": "79285",
    "city": "Sanica Gornja",
    "post": "BH Pošta"
  },
  {
    "postalCode": "79260",
    "city": "Sanski Most",
    "post": "BH Pošta"
  },
  {
    "postalCode": "75411",
    "city": "Sapna",
    "post": "BH Pošta"
  },
  {
    "postalCode": "78202",
    "city": "Saračica",
    "post": "Pošte Srpske"
  },
  {
    "postalCode": "71000",
    "city": "Sarajevo",
    "post": "BH Pošta"
  },
  {
    "postalCode": "71101",
    "city": "Sarajevo-Centar",
    "post": "BH Pošta"
  },
  {
    "postalCode": "71103",
    "city": "Sarajevo-Centar",
    "post": "BH Pošta"
  },
  {
    "postalCode": "71104",
    "city": "Sarajevo-Centar",
    "post": "BH Pošta"
  },
  {
    "postalCode": "71108",
    "city": "Sarajevo-Centar",
    "post": "BH Pošta"
  },
  {
    "postalCode": "71120",
    "city": "Sarajevo-Novo Sarajevo",
    "post": "BH Pošta"
  },
  {
    "postalCode": "71121",
    "city": "Sarajevo-Novo Sarajevo",
    "post": "BH Pošta"
  },
  {
    "postalCode": "71122",
    "city": "Sarajevo-Novo Sarajevo",
    "post": "BH Pošta"
  },
  {
    "postalCode": "71123",
    "city": "Sarajevo-Novo Sarajevo",
    "post": "BH Pošta"
  },
  {
    "postalCode": "71124",
    "city": "Sarajevo-Novo Sarajevo",
    "post": "BH Pošta"
  },
  {
    "postalCode": "71125",
    "city": "Sarajevo-Novo Sarajevo",
    "post": "BH Pošta"
  },
  {
    "postalCode": "71140",
    "city": "Sarajevo-Stari Grad",
    "post": "BH Pošta"
  },
  {
    "postalCode": "71141",
    "city": "Sarajevo-Stari Grad",
    "post": "BH Pošta"
  },
  {
    "postalCode": "71145",
    "city": "Sarajevo-Stari Grad",
    "post": "BH Pošta"
  },
  {
    "postalCode": "71160",
    "city": "Sarajevo-Novi Grad",
    "post": "BH Pošta"
  },
  {
    "postalCode": "71162",
    "city": "Sarajevo-Novi Grad",
    "post": "BH Pošta"
  },
  {
    "postalCode": "71165",
    "city": "Sarajevo-Novi Grad",
    "post": "BH Pošta"
  },
  {
    "postalCode": "71166",
    "city": "Sarajevo-Novi Grad",
    "post": "BH Pošta"
  },
  {
    "postalCode": "71167",
    "city": "Sarajevo-Novi Grad",
    "post": "BH Pošta"
  },
  {
    "postalCode": "71321",
    "city": "Semizovac",
    "post": "BH Pošta"
  },
  {
    "postalCode": "76205",
    "city": "Seonjaci",
    "post": "HP Mostar"
  },
  {
    "postalCode": "75207",
    "city": "Simin Han",
    "post": "BH Pošta"
  },
  {
    "postalCode": "78422",
    "city": "Sitneši",
    "post": "Pošte Srpske"
  },
  {
    "postalCode": "79283",
    "city": "Sitnica",
    "post": "Pošte Srpske"
  },
  {
    "postalCode": "74212",
    "city": "Sjenina",
    "post": "Pošte Srpske"
  },
  {
    "postalCode": "75436",
    "city": "Skelani",
    "post": "Pošte Srpske"
  },
  {
    "postalCode": "74261",
    "city": "Skugrić",
    "post": "Pošte Srpske"
  },
  {
    "postalCode": "75353",
    "city": "Sladna",
    "post": "BH Pošta"
  },
  {
    "postalCode": "78253",
    "city": "Slatina Ilidža",
    "post": "Pošte Srpske"
  },
  {
    "postalCode": "74323",
    "city": "Sočkovac",
    "post": "Pošte Srpske"
  },
  {
    "postalCode": "71350",
    "city": "Sokolac",
    "post": "Pošte Srpske"
  },
  {
    "postalCode": "71357",
    "city": "Sokolovići",
    "post": "Pošte Srpske"
  },
  {
    "postalCode": "88345",
    "city": "Sovići",
    "post": "HP Mostar"
  },
  {
    "postalCode": "78420",
    "city": "Srbac",
    "post": "Pošte Srpske"
  },
  {
    "postalCode": "75430",
    "city": "Srebrenica",
    "post": "Pošte Srpske"
  },
  {
    "postalCode": "75350",
    "city": "Srebrenik",
    "post": "BH Pošta"
  },
  {
    "postalCode": "71385",
    "city": "Srednje (Ilijaš)",
    "post": "BH Pošta"
  },
  {
    "postalCode": "79249",
    "city": "Sreflije",
    "post": "Pošte Srpske"
  },
  {
    "postalCode": "74208",
    "city": "Stanari",
    "post": "Pošte Srpske"
  },
  {
    "postalCode": "78243",
    "city": "Stara Dubrava",
    "post": "Pošte Srpske"
  },
  {
    "postalCode": "79268",
    "city": "Stari Majdan",
    "post": "BH Pošta"
  },
  {
    "postalCode": "72251",
    "city": "Stari Vitez",
    "post": "BH Pošta"
  },
  {
    "postalCode": "77224",
    "city": "Stijena",
    "post": "BH Pošta"
  },
  {
    "postalCode": "73223",
    "city": "Stjenice",
    "post": "Pošte Srpske"
  },
  {
    "postalCode": "75324",
    "city": "Stjepan Polje",
    "post": "BH Pošta"
  },
  {
    "postalCode": "88360",
    "city": "Stolac",
    "post": "HP Mostar"
  },
  {
    "postalCode": "72209",
    "city": "Stranjani",
    "post": "BH Pošta"
  },
  {
    "postalCode": "78208",
    "city": "Stričići",
    "post": "Pošte Srpske"
  },
  {
    "postalCode": "70273",
    "city": "Strojice",
    "post": "Pošte Srpske"
  },
  {
    "postalCode": "88323",
    "city": "Studenci",
    "post": "HP Mostar"
  },
  {
    "postalCode": "75283",
    "city": "Stupari",
    "post": "BH Pošta"
  },
  {
    "postalCode": "74221",
    "city": "Suho Polje",
    "post": "Pošte Srpske"
  },
  {
    "postalCode": "79229",
    "city": "Svodna",
    "post": "Pošte Srpske"
  },
  {
    "postalCode": "76230",
    "city": "Šamac",
    "post": "Pošte Srpske"
  },
  {
    "postalCode": "76209",
    "city": "Šatorovići",
    "post": "BH Pošta"
  },
  {
    "postalCode": "75450",
    "city": "Šekovići",
    "post": "Pošte Srpske"
  },
  {
    "postalCode": "75275",
    "city": "Šerići",
    "post": "BH Pošta"
  },
  {
    "postalCode": "75245",
    "city": "Šibošnica",
    "post": "BH Pošta"
  },
  {
    "postalCode": "78433",
    "city": "Šibovska",
    "post": "Pošte Srpske"
  },
  {
    "postalCode": "70270",
    "city": "Šipovo",
    "post": "Pošte Srpske"
  },
  {
    "postalCode": "78224",
    "city": "Šiprage",
    "post": "Pošte Srpske"
  },
  {
    "postalCode": "88220",
    "city": "Široki Brijeg",
    "post": "HP Mostar"
  },
  {
    "postalCode": "74279",
    "city": "Šnjegotina Gornja",
    "post": "Pošte Srpske"
  },
  {
    "postalCode": "75356",
    "city": "Špionica",
    "post": "BH Pošta"
  },
  {
    "postalCode": "77223",
    "city": "Šturlić",
    "post": "BH Pošta"
  },
  {
    "postalCode": "80249",
    "city": "Šujica",
    "post": "HP Mostar"
  },
  {
    "postalCode": "77234",
    "city": "Šumatac",
    "post": "BH Pošta"
  },
  {
    "postalCode": "71244",
    "city": "Tarčin",
    "post": "BH Pošta"
  },
  {
    "postalCode": "75414",
    "city": "Teočak",
    "post": "BH Pošta"
  },
  {
    "postalCode": "74270",
    "city": "Teslić",
    "post": "Pošte Srpske"
  },
  {
    "postalCode": "74260",
    "city": "Tešanj",
    "post": "BH Pošta"
  },
  {
    "postalCode": "74266",
    "city": "Tešanjka",
    "post": "BH Pošta"
  },
  {
    "postalCode": "88348",
    "city": "Tihaljina",
    "post": "HP Mostar"
  },
  {
    "postalCode": "75357",
    "city": "Tinja",
    "post": "BH Pošta"
  },
  {
    "postalCode": "75455",
    "city": "Tišća",
    "post": "Pošte Srpske"
  },
  {
    "postalCode": "73311",
    "city": "Tjentište",
    "post": "Pošte Srpske"
  },
  {
    "postalCode": "77233",
    "city": "Todorovo",
    "post": "BH Pošta"
  },
  {
    "postalCode": "75265",
    "city": "Tojšići",
    "post": "BH Pošta"
  },
  {
    "postalCode": "76272",
    "city": "Tolisa",
    "post": "HP Mostar"
  },
  {
    "postalCode": "80240",
    "city": "Tomislavgrad",
    "post": "HP Mostar"
  },
  {
    "postalCode": "80241",
    "city": "Tomislavgrad-Općina",
    "post": "HP Mostar"
  },
  {
    "postalCode": "72213",
    "city": "Topčić Polje",
    "post": "BH Pošta"
  },
  {
    "postalCode": "70224",
    "city": "Torlakovac",
    "post": "BH Pošta"
  },
  {
    "postalCode": "72270",
    "city": "Travnik",
    "post": "BH Pošta"
  },
  {
    "postalCode": "88375",
    "city": "Trebinja",
    "post": "HP Mostar- Pošta privremeno zatvorena"
  },
  {
    "postalCode": "89101",
    "city": "Trebinje",
    "post": "Pošte Srpske"
  },
  {
    "postalCode": "78252",
    "city": "Trn",
    "post": "Pošte Srpske"
  },
  {
    "postalCode": "76335",
    "city": "Trnova Donja",
    "post": "Pošte Srpske"
  },
  {
    "postalCode": "71220",
    "city": "Trnovo",
    "post": "Pošte Srpske"
  },
  {
    "postalCode": "76310",
    "city": "Trnjaci",
    "post": "Pošte Srpske"
  },
  {
    "postalCode": "77225",
    "city": "Tržačka Raštela",
    "post": "BH Pošta"
  },
  {
    "postalCode": "72283",
    "city": "Turbe",
    "post": "BH Pošta"
  },
  {
    "postalCode": "75306",
    "city": "Turija",
    "post": "BH Pošta"
  },
  {
    "postalCode": "78404",
    "city": "Turjak",
    "post": "Pošte Srpske"
  },
  {
    "postalCode": "75000",
    "city": "Tuzla",
    "post": "BH Pošta"
  },
  {
    "postalCode": "76330",
    "city": "Ugljevik",
    "post": "Pošte Srpske"
  },
  {
    "postalCode": "74278",
    "city": "Ugodnovići",
    "post": "Pošte Srpske"
  },
  {
    "postalCode": "70280",
    "city": "Uskoplje",
    "post": "HP Mostar"
  },
  {
    "postalCode": "74321",
    "city": "Usora-Sivša",
    "post": "HP Mostar"
  },
  {
    "postalCode": "74230",
    "city": "Usora-Žabljak",
    "post": "HP Mostar"
  },
  {
    "postalCode": "73250",
    "city": "Ustikolina",
    "post": "BH Pošta"
  },
  {
    "postalCode": "73265",
    "city": "Uvac",
    "post": "Pošte Srpske"
  },
  {
    "postalCode": "88444",
    "city": "Uzdol",
    "post": "HP Mostar"
  },
  {
    "postalCode": "73249",
    "city": "Vardište",
    "post": "Pošte Srpske"
  },
  {
    "postalCode": "71330",
    "city": "Vareš",
    "post": "BH Pošta"
  },
  {
    "postalCode": "71333",
    "city": "Vareš Majdan",
    "post": "BH Pošta"
  },
  {
    "postalCode": "77243",
    "city": "Varoška Rijeka",
    "post": "BH Pošta"
  },
  {
    "postalCode": "74213",
    "city": "Velika Bukovica",
    "post": "Pošte Srpske"
  },
  {
    "postalCode": "77207",
    "city": "Velika Gata",
    "post": "BH Pošta"
  },
  {
    "postalCode": "77230",
    "city": "Velika Kladuša",
    "post": "BH Pošta"
  },
  {
    "postalCode": "76329",
    "city": "Velika Obarska",
    "post": "Pošte Srpske"
  },
  {
    "postalCode": "70234",
    "city": "Vesela",
    "post": "BH Pošta"
  },
  {
    "postalCode": "80208",
    "city": "Vidoši",
    "post": "HP Mostar"
  },
  {
    "postalCode": "76275",
    "city": "Vidovice",
    "post": "HP Mostar"
  },
  {
    "postalCode": "70202",
    "city": "Vinac",
    "post": "BH Pošta"
  },
  {
    "postalCode": "74455",
    "city": "Vinska",
    "post": "Pošte Srpske"
  },
  {
    "postalCode": "88247",
    "city": "Vir",
    "post": "HP Mostar"
  },
  {
    "postalCode": "71300",
    "city": "Visoko",
    "post": "BH Pošta"
  },
  {
    "postalCode": "73240",
    "city": "Višegrad",
    "post": "Pošte Srpske"
  },
  {
    "postalCode": "88307",
    "city": "Višići",
    "post": "HP Mostar"
  },
  {
    "postalCode": "72250",
    "city": "Vitez",
    "post": "HP Mostar"
  },
  {
    "postalCode": "72251",
    "city": "Stari Vitez",
    "post": "BH Pošta"
  },
  {
    "postalCode": "88326",
    "city": "Vitina",
    "post": "HP Mostar"
  },
  {
    "postalCode": "74265",
    "city": "Vitkovci Donji",
    "post": "Pošte Srpske"
  },
  {
    "postalCode": "73205",
    "city": "Vitkovići",
    "post": "BH Pošta"
  },
  {
    "postalCode": "75440",
    "city": "Vlasenica",
    "post": "Pošte Srpske"
  },
  {
    "postalCode": "71320",
    "city": "Vogošća",
    "post": "BH Pošta"
  },
  {
    "postalCode": "88301",
    "city": "Vojarna Grabovine",
    "post": "HP Mostar- Pošta privremeno zatvorena"
  },
  {
    "postalCode": "72227",
    "city": "Vozuća",
    "post": "BH Pošta"
  },
  {
    "postalCode": "74487",
    "city": "Vranjak 7",
    "post": "Pošte Srpske"
  },
  {
    "postalCode": "74488",
    "city": "Vranjak 8",
    "post": "Pošte Srpske"
  },
  {
    "postalCode": "88113",
    "city": "Vrapčići",
    "post": "BH Pošta"
  },
  {
    "postalCode": "78211",
    "city": "Vrbanja",
    "post": "Pošte Srpske"
  },
  {
    "postalCode": "78225",
    "city": "Vrbanjci",
    "post": "Pošte Srpske"
  },
  {
    "postalCode": "78408",
    "city": "Vrbaška",
    "post": "Pošte Srpske"
  },
  {
    "postalCode": "79262",
    "city": "Vrhpolje",
    "post": "BH Pošta"
  },
  {
    "postalCode": "77231",
    "city": "Vrnograč",
    "post": "BH Pošta"
  },
  {
    "postalCode": "77203",
    "city": "Vrsta",
    "post": "BH Pošta"
  },
  {
    "postalCode": "76325",
    "city": "Vršani (Bijeljina)",
    "post": "Pošte Srpske"
  },
  {
    "postalCode": "76254",
    "city": "Vučkovci",
    "post": "BH Pošta"
  },
  {
    "postalCode": "74470",
    "city": "Vukosavlje",
    "post": "Pošte Srpske"
  },
  {
    "postalCode": "73287",
    "city": "Zaborak",
    "post": "Pošte Srpske"
  },
  {
    "postalCode": "76333",
    "city": "Zabrđe",
    "post": "Pošte Srpske"
  },
  {
    "postalCode": "78214",
    "city": "Zalužani",
    "post": "Pošte Srpske"
  },
  {
    "postalCode": "73305",
    "city": "Zavajt",
    "post": "Pošte Srpske"
  },
  {
    "postalCode": "72220",
    "city": "Zavidovići",
    "post": "BH Pošta"
  },
  {
    "postalCode": "74451",
    "city": "Zborište",
    "post": "Pošte Srpske"
  },
  {
    "postalCode": "77236",
    "city": "Zborište",
    "post": "BH Pošta"
  },
  {
    "postalCode": "76259",
    "city": "Zelinja",
    "post": "BH Pošta"
  },
  {
    "postalCode": "72101",
    "city": "Zenica",
    "post": "BH Pošta"
  },
  {
    "postalCode": "72102",
    "city": "Zenica",
    "post": "BH Pošta"
  },
  {
    "postalCode": "72112",
    "city": "Zenica",
    "post": "BH Pošta"
  },
  {
    "postalCode": "88286",
    "city": "Zovi Do",
    "post": "Pošte Srpske"
  },
  {
    "postalCode": "76214",
    "city": "Zovik Gornji",
    "post": "HP Mostar"
  },
  {
    "postalCode": "75400",
    "city": "Zvornik",
    "post": "Pošte Srpske"
  },
  {
    "postalCode": "72236",
    "city": "Željezno Polje",
    "post": "BH Pošta"
  },
  {
    "postalCode": "72230",
    "city": "Žepče",
    "post": "HP Mostar"
  },
  {
    "postalCode": "75270",
    "city": "Živinice",
    "post": "BH Pošta"
  },
  {
    "postalCode": "71373",
    "city": "Župča",
    "post": "BH Pošta"
  }
]
